Index Code,Index Name,Effective Date,Dividend Yield,Index Code,Index Name,Effective Date,Dividend Yield
600PG,S&P SmallCap 600 Pure Growth,6/28/1996,0.22896616,600PV,S&P SmallCap 600 Pure Value,6/28/1996,2.671997907
600PG,S&P SmallCap 600 Pure Growth,7/31/1996,0.252506226,600PV,S&P SmallCap 600 Pure Value,7/31/1996,2.824576787
600PG,S&P SmallCap 600 Pure Growth,8/30/1996,0.22785445,600PV,S&P SmallCap 600 Pure Value,8/30/1996,2.675722719
600PG,S&P SmallCap 600 Pure Growth,9/30/1996,0.228061887,600PV,S&P SmallCap 600 Pure Value,9/30/1996,2.630585899
600PG,S&P SmallCap 600 Pure Growth,10/31/1996,0.228188969,600PV,S&P SmallCap 600 Pure Value,10/31/1996,2.630315202
600PG,S&P SmallCap 600 Pure Growth,11/29/1996,0.216447948,600PV,S&P SmallCap 600 Pure Value,11/29/1996,2.431615492
600PG,S&P SmallCap 600 Pure Growth,12/31/1996,0.196683119,600PV,S&P SmallCap 600 Pure Value,12/31/1996,2.442585126
600PG,S&P SmallCap 600 Pure Growth,1/31/1997,0.183973258,600PV,S&P SmallCap 600 Pure Value,1/31/1997,2.441239342
600PG,S&P SmallCap 600 Pure Growth,2/28/1997,0.188600166,600PV,S&P SmallCap 600 Pure Value,2/28/1997,2.367805481
600PG,S&P SmallCap 600 Pure Growth,3/31/1997,0.216931133,600PV,S&P SmallCap 600 Pure Value,3/31/1997,2.447298401
600PG,S&P SmallCap 600 Pure Growth,4/30/1997,0.215964757,600PV,S&P SmallCap 600 Pure Value,4/30/1997,2.476755736
600PG,S&P SmallCap 600 Pure Growth,5/30/1997,0.189591302,600PV,S&P SmallCap 600 Pure Value,5/30/1997,2.283647746
600PG,S&P SmallCap 600 Pure Growth,6/30/1997,0.200028199,600PV,S&P SmallCap 600 Pure Value,6/30/1997,2.129949429
600PG,S&P SmallCap 600 Pure Growth,7/31/1997,0.182569469,600PV,S&P SmallCap 600 Pure Value,7/31/1997,2.045954343
600PG,S&P SmallCap 600 Pure Growth,8/29/1997,0.175114839,600PV,S&P SmallCap 600 Pure Value,8/29/1997,1.980780163
600PG,S&P SmallCap 600 Pure Growth,9/30/1997,0.163149969,600PV,S&P SmallCap 600 Pure Value,9/30/1997,1.885619852
600PG,S&P SmallCap 600 Pure Growth,10/31/1997,0.177437559,600PV,S&P SmallCap 600 Pure Value,10/31/1997,1.949797019
600PG,S&P SmallCap 600 Pure Growth,11/28/1997,0.185309425,600PV,S&P SmallCap 600 Pure Value,11/28/1997,1.934539961
600PG,S&P SmallCap 600 Pure Growth,12/31/1997,0.208902626,600PV,S&P SmallCap 600 Pure Value,12/31/1997,1.921573447
600PG,S&P SmallCap 600 Pure Growth,1/30/1998,0.213055272,600PV,S&P SmallCap 600 Pure Value,1/30/1998,1.94208334
600PG,S&P SmallCap 600 Pure Growth,2/27/1998,0.195812906,600PV,S&P SmallCap 600 Pure Value,2/27/1998,1.858990814
600PG,S&P SmallCap 600 Pure Growth,3/31/1998,0.190991217,600PV,S&P SmallCap 600 Pure Value,3/31/1998,1.803330553
600PG,S&P SmallCap 600 Pure Growth,4/30/1998,0.187377235,600PV,S&P SmallCap 600 Pure Value,4/30/1998,1.81897769
600PG,S&P SmallCap 600 Pure Growth,5/29/1998,0.208425616,600PV,S&P SmallCap 600 Pure Value,5/29/1998,1.871039063
600PG,S&P SmallCap 600 Pure Growth,6/30/1998,0.205677645,600PV,S&P SmallCap 600 Pure Value,6/30/1998,1.867703569
600PG,S&P SmallCap 600 Pure Growth,7/31/1998,0.239026604,600PV,S&P SmallCap 600 Pure Value,7/31/1998,2.051011782
600PG,S&P SmallCap 600 Pure Growth,8/31/1998,0.315255076,600PV,S&P SmallCap 600 Pure Value,8/31/1998,2.429215238
600PG,S&P SmallCap 600 Pure Growth,9/30/1998,0.299322611,600PV,S&P SmallCap 600 Pure Value,9/30/1998,2.372031559
600PG,S&P SmallCap 600 Pure Growth,10/30/1998,0.278610805,600PV,S&P SmallCap 600 Pure Value,10/30/1998,2.311246408
600PG,S&P SmallCap 600 Pure Growth,11/30/1998,0.271855114,600PV,S&P SmallCap 600 Pure Value,11/30/1998,2.255918154
600PG,S&P SmallCap 600 Pure Growth,12/31/1998,0.229036953,600PV,S&P SmallCap 600 Pure Value,12/31/1998,2.165170121
600PG,S&P SmallCap 600 Pure Growth,1/29/1999,0.236348887,600PV,S&P SmallCap 600 Pure Value,1/29/1999,2.184254789
600PG,S&P SmallCap 600 Pure Growth,2/26/1999,0.287883428,600PV,S&P SmallCap 600 Pure Value,2/26/1999,2.446600702
600PG,S&P SmallCap 600 Pure Growth,3/31/1999,0.281114082,600PV,S&P SmallCap 600 Pure Value,3/31/1999,2.511076724
600PG,S&P SmallCap 600 Pure Growth,4/30/1999,0.26982893,600PV,S&P SmallCap 600 Pure Value,4/30/1999,2.24502985
600PG,S&P SmallCap 600 Pure Growth,5/28/1999,0.276740136,600PV,S&P SmallCap 600 Pure Value,5/28/1999,2.15292724
600PG,S&P SmallCap 600 Pure Growth,6/30/1999,0.257862277,600PV,S&P SmallCap 600 Pure Value,6/30/1999,2.034411163
600PG,S&P SmallCap 600 Pure Growth,7/30/1999,0.254979315,600PV,S&P SmallCap 600 Pure Value,7/30/1999,2.003196338
600PG,S&P SmallCap 600 Pure Growth,8/31/1999,0.268865837,600PV,S&P SmallCap 600 Pure Value,8/31/1999,2.102084751
600PG,S&P SmallCap 600 Pure Growth,9/30/1999,0.253021184,600PV,S&P SmallCap 600 Pure Value,9/30/1999,2.190929845
600PG,S&P SmallCap 600 Pure Growth,10/29/1999,0.261456082,600PV,S&P SmallCap 600 Pure Value,10/29/1999,2.256540951
600PG,S&P SmallCap 600 Pure Growth,11/30/1999,0.236212868,600PV,S&P SmallCap 600 Pure Value,11/30/1999,2.197944378
600PG,S&P SmallCap 600 Pure Growth,12/31/1999,0.197203761,600PV,S&P SmallCap 600 Pure Value,12/31/1999,2.189693162
600PG,S&P SmallCap 600 Pure Growth,1/31/2000,0.206754702,600PV,S&P SmallCap 600 Pure Value,1/31/2000,2.236354872
600PG,S&P SmallCap 600 Pure Growth,2/29/2000,0.163738184,600PV,S&P SmallCap 600 Pure Value,2/29/2000,2.20704603
600PG,S&P SmallCap 600 Pure Growth,3/31/2000,0.177189949,600PV,S&P SmallCap 600 Pure Value,3/31/2000,2.19753348
600PG,S&P SmallCap 600 Pure Growth,4/28/2000,0.18327713,600PV,S&P SmallCap 600 Pure Value,4/28/2000,2.087099545
600PG,S&P SmallCap 600 Pure Growth,5/31/2000,0.182796511,600PV,S&P SmallCap 600 Pure Value,5/31/2000,2.176034832
600PG,S&P SmallCap 600 Pure Growth,6/30/2000,0.164958178,600PV,S&P SmallCap 600 Pure Value,6/30/2000,2.119304978
600PG,S&P SmallCap 600 Pure Growth,7/31/2000,0.174686317,600PV,S&P SmallCap 600 Pure Value,7/31/2000,2.005259718
600PG,S&P SmallCap 600 Pure Growth,8/31/2000,0.155515437,600PV,S&P SmallCap 600 Pure Value,8/31/2000,2.011804798
600PG,S&P SmallCap 600 Pure Growth,9/29/2000,0.164844787,600PV,S&P SmallCap 600 Pure Value,9/29/2000,2.06716361
600PG,S&P SmallCap 600 Pure Growth,10/31/2000,0.1672236,600PV,S&P SmallCap 600 Pure Value,10/31/2000,2.100307628
600PG,S&P SmallCap 600 Pure Growth,11/30/2000,0.182804481,600PV,S&P SmallCap 600 Pure Value,11/30/2000,2.288644754
600PG,S&P SmallCap 600 Pure Growth,12/29/2000,0.173378403,600PV,S&P SmallCap 600 Pure Value,12/29/2000,2.140353982
600PG,S&P SmallCap 600 Pure Growth,1/31/2001,0.163245098,600PV,S&P SmallCap 600 Pure Value,1/31/2001,1.969467952
600PG,S&P SmallCap 600 Pure Growth,2/28/2001,0.1662087,600PV,S&P SmallCap 600 Pure Value,2/28/2001,1.935045203
600PG,S&P SmallCap 600 Pure Growth,3/30/2001,0.162205717,600PV,S&P SmallCap 600 Pure Value,3/30/2001,2.001191586
600PG,S&P SmallCap 600 Pure Growth,4/30/2001,0.160937615,600PV,S&P SmallCap 600 Pure Value,4/30/2001,1.904959087
600PG,S&P SmallCap 600 Pure Growth,5/31/2001,0.136937784,600PV,S&P SmallCap 600 Pure Value,5/31/2001,1.843858888
600PG,S&P SmallCap 600 Pure Growth,6/29/2001,0.121936465,600PV,S&P SmallCap 600 Pure Value,6/29/2001,1.755188946
600PG,S&P SmallCap 600 Pure Growth,7/31/2001,0.120090362,600PV,S&P SmallCap 600 Pure Value,7/31/2001,1.749900635
600PG,S&P SmallCap 600 Pure Growth,8/31/2001,0.129004628,600PV,S&P SmallCap 600 Pure Value,8/31/2001,1.801898193
600PG,S&P SmallCap 600 Pure Growth,9/28/2001,0.160085791,600PV,S&P SmallCap 600 Pure Value,9/28/2001,2.044056491
600PG,S&P SmallCap 600 Pure Growth,10/31/2001,0.143914962,600PV,S&P SmallCap 600 Pure Value,10/31/2001,2.003400605
600PG,S&P SmallCap 600 Pure Growth,11/30/2001,0.139444437,600PV,S&P SmallCap 600 Pure Value,11/30/2001,1.841243011
600PG,S&P SmallCap 600 Pure Growth,12/31/2001,0.128616673,600PV,S&P SmallCap 600 Pure Value,12/31/2001,1.735186643
600PG,S&P SmallCap 600 Pure Growth,1/31/2002,0.122975176,600PV,S&P SmallCap 600 Pure Value,1/31/2002,1.672858794
600PG,S&P SmallCap 600 Pure Growth,2/28/2002,0.130577567,600PV,S&P SmallCap 600 Pure Value,2/28/2002,1.730963289
600PG,S&P SmallCap 600 Pure Growth,3/28/2002,0.128091557,600PV,S&P SmallCap 600 Pure Value,3/28/2002,1.555207749
600PG,S&P SmallCap 600 Pure Growth,4/30/2002,0.112873309,600PV,S&P SmallCap 600 Pure Value,4/30/2002,1.437202295
600PG,S&P SmallCap 600 Pure Growth,5/31/2002,0.127766577,600PV,S&P SmallCap 600 Pure Value,5/31/2002,1.505897362
600PG,S&P SmallCap 600 Pure Growth,6/28/2002,0.146358348,600PV,S&P SmallCap 600 Pure Value,6/28/2002,1.477080674
600PG,S&P SmallCap 600 Pure Growth,7/31/2002,0.181907257,600PV,S&P SmallCap 600 Pure Value,7/31/2002,1.776280083
600PG,S&P SmallCap 600 Pure Growth,8/30/2002,0.176495208,600PV,S&P SmallCap 600 Pure Value,8/30/2002,1.804539732
600PG,S&P SmallCap 600 Pure Growth,9/30/2002,0.190683399,600PV,S&P SmallCap 600 Pure Value,9/30/2002,1.980651253
600PG,S&P SmallCap 600 Pure Growth,10/31/2002,0.183990666,600PV,S&P SmallCap 600 Pure Value,10/31/2002,2.023160497
600PG,S&P SmallCap 600 Pure Growth,11/29/2002,0.168356125,600PV,S&P SmallCap 600 Pure Value,11/29/2002,1.960181059
600PG,S&P SmallCap 600 Pure Growth,12/31/2002,0.183365396,600PV,S&P SmallCap 600 Pure Value,12/31/2002,2.045579701
600PG,S&P SmallCap 600 Pure Growth,1/31/2003,0.205800307,600PV,S&P SmallCap 600 Pure Value,1/31/2003,2.114356156
600PG,S&P SmallCap 600 Pure Growth,2/28/2003,0.207394305,600PV,S&P SmallCap 600 Pure Value,2/28/2003,2.201125795
600PG,S&P SmallCap 600 Pure Growth,3/31/2003,0.2095212,600PV,S&P SmallCap 600 Pure Value,3/31/2003,2.330774333
600PG,S&P SmallCap 600 Pure Growth,4/30/2003,0.197022735,600PV,S&P SmallCap 600 Pure Value,4/30/2003,2.125697407
600PG,S&P SmallCap 600 Pure Growth,5/30/2003,0.189588962,600PV,S&P SmallCap 600 Pure Value,5/30/2003,1.979343083
600PG,S&P SmallCap 600 Pure Growth,6/30/2003,0.189618223,600PV,S&P SmallCap 600 Pure Value,6/30/2003,2.024868137
600PG,S&P SmallCap 600 Pure Growth,7/31/2003,0.189007636,600PV,S&P SmallCap 600 Pure Value,7/31/2003,1.954241348
600PG,S&P SmallCap 600 Pure Growth,8/29/2003,0.208429998,600PV,S&P SmallCap 600 Pure Value,8/29/2003,1.862194872
600PG,S&P SmallCap 600 Pure Growth,9/30/2003,0.229201201,600PV,S&P SmallCap 600 Pure Value,9/30/2003,1.899227205
600PG,S&P SmallCap 600 Pure Growth,10/31/2003,0.213879305,600PV,S&P SmallCap 600 Pure Value,10/31/2003,1.758821522
600PG,S&P SmallCap 600 Pure Growth,11/28/2003,0.226696645,600PV,S&P SmallCap 600 Pure Value,11/28/2003,1.64581665
600PG,S&P SmallCap 600 Pure Growth,12/31/2003,0.25899019,600PV,S&P SmallCap 600 Pure Value,12/31/2003,1.557051763
600PG,S&P SmallCap 600 Pure Growth,1/30/2004,0.248990325,600PV,S&P SmallCap 600 Pure Value,1/30/2004,1.542992345
600PG,S&P SmallCap 600 Pure Growth,2/27/2004,0.275541312,600PV,S&P SmallCap 600 Pure Value,2/27/2004,1.511574058
600PG,S&P SmallCap 600 Pure Growth,3/31/2004,0.29358538,600PV,S&P SmallCap 600 Pure Value,3/31/2004,1.471894123
600PG,S&P SmallCap 600 Pure Growth,4/30/2004,0.307204632,600PV,S&P SmallCap 600 Pure Value,4/30/2004,1.580231962
600PG,S&P SmallCap 600 Pure Growth,5/28/2004,0.331583932,600PV,S&P SmallCap 600 Pure Value,5/28/2004,1.56992172
600PG,S&P SmallCap 600 Pure Growth,6/30/2004,0.330812663,600PV,S&P SmallCap 600 Pure Value,6/30/2004,1.424932378
600PG,S&P SmallCap 600 Pure Growth,7/30/2004,0.353749098,600PV,S&P SmallCap 600 Pure Value,7/30/2004,1.510857487
600PG,S&P SmallCap 600 Pure Growth,8/31/2004,0.351807728,600PV,S&P SmallCap 600 Pure Value,8/31/2004,1.524106642
600PG,S&P SmallCap 600 Pure Growth,9/30/2004,0.357470556,600PV,S&P SmallCap 600 Pure Value,9/30/2004,1.493664909
600PG,S&P SmallCap 600 Pure Growth,10/29/2004,0.345534809,600PV,S&P SmallCap 600 Pure Value,10/29/2004,1.520264406
600PG,S&P SmallCap 600 Pure Growth,11/30/2004,0.315532498,600PV,S&P SmallCap 600 Pure Value,11/30/2004,1.392236966
600PG,S&P SmallCap 600 Pure Growth,12/31/2004,0.330515164,600PV,S&P SmallCap 600 Pure Value,12/31/2004,1.373164541
600PG,S&P SmallCap 600 Pure Growth,1/31/2005,0.365333487,600PV,S&P SmallCap 600 Pure Value,1/31/2005,1.428981986
600PG,S&P SmallCap 600 Pure Growth,2/28/2005,0.347939961,600PV,S&P SmallCap 600 Pure Value,2/28/2005,1.397619123
600PG,S&P SmallCap 600 Pure Growth,3/31/2005,0.373300135,600PV,S&P SmallCap 600 Pure Value,3/31/2005,1.460894563
600PG,S&P SmallCap 600 Pure Growth,4/29/2005,0.433554064,600PV,S&P SmallCap 600 Pure Value,4/29/2005,1.563309598
600PG,S&P SmallCap 600 Pure Growth,5/31/2005,0.397657257,600PV,S&P SmallCap 600 Pure Value,5/31/2005,1.491251064
600PG,S&P SmallCap 600 Pure Growth,6/30/2005,0.407892347,600PV,S&P SmallCap 600 Pure Value,6/30/2005,1.475555987
600PG,S&P SmallCap 600 Pure Growth,7/29/2005,0.419277719,600PV,S&P SmallCap 600 Pure Value,7/29/2005,1.376292125
600PG,S&P SmallCap 600 Pure Growth,8/31/2005,0.433749443,600PV,S&P SmallCap 600 Pure Value,8/31/2005,1.413117458
600PG,S&P SmallCap 600 Pure Growth,9/30/2005,0.429192089,600PV,S&P SmallCap 600 Pure Value,9/30/2005,1.411274018
600PG,S&P SmallCap 600 Pure Growth,10/31/2005,0.445397476,600PV,S&P SmallCap 600 Pure Value,10/31/2005,1.493096474
600PG,S&P SmallCap 600 Pure Growth,11/30/2005,0.430229236,600PV,S&P SmallCap 600 Pure Value,11/30/2005,1.492158636
600PG,S&P SmallCap 600 Pure Growth,12/30/2005,0.396065848,600PV,S&P SmallCap 600 Pure Value,12/30/2005,1.415875459
600PG,S&P SmallCap 600 Pure Growth,1/31/2006,0.340107024,600PV,S&P SmallCap 600 Pure Value,1/31/2006,1.340455129
600PG,S&P SmallCap 600 Pure Growth,2/28/2006,0.341597569,600PV,S&P SmallCap 600 Pure Value,2/28/2006,1.391478175
600PG,S&P SmallCap 600 Pure Growth,3/31/2006,0.325064415,600PV,S&P SmallCap 600 Pure Value,3/31/2006,1.352213359
600PG,S&P SmallCap 600 Pure Growth,4/28/2006,0.281825047,600PV,S&P SmallCap 600 Pure Value,4/28/2006,1.39189253
600PG,S&P SmallCap 600 Pure Growth,5/31/2006,0.294464464,600PV,S&P SmallCap 600 Pure Value,5/31/2006,1.516468018
600PG,S&P SmallCap 600 Pure Growth,6/30/2006,0.290591825,600PV,S&P SmallCap 600 Pure Value,6/30/2006,1.520892417
600PG,S&P SmallCap 600 Pure Growth,7/31/2006,0.264355325,600PV,S&P SmallCap 600 Pure Value,7/31/2006,1.599862972
600PG,S&P SmallCap 600 Pure Growth,8/31/2006,0.266857699,600PV,S&P SmallCap 600 Pure Value,8/31/2006,1.614953365
600PG,S&P SmallCap 600 Pure Growth,9/29/2006,0.267346043,600PV,S&P SmallCap 600 Pure Value,9/29/2006,1.645037009
600PG,S&P SmallCap 600 Pure Growth,10/31/2006,0.251393125,600PV,S&P SmallCap 600 Pure Value,10/31/2006,1.570235674
600PG,S&P SmallCap 600 Pure Growth,11/30/2006,0.240431999,600PV,S&P SmallCap 600 Pure Value,11/30/2006,1.534374061
600PG,S&P SmallCap 600 Pure Growth,12/29/2006,0.253648168,600PV,S&P SmallCap 600 Pure Value,12/29/2006,1.698275179
600PG,S&P SmallCap 600 Pure Growth,1/31/2007,0.247487495,600PV,S&P SmallCap 600 Pure Value,1/31/2007,1.680605519
600PG,S&P SmallCap 600 Pure Growth,2/28/2007,0.264741769,600PV,S&P SmallCap 600 Pure Value,2/28/2007,1.691196435
600PG,S&P SmallCap 600 Pure Growth,3/30/2007,0.249866075,600PV,S&P SmallCap 600 Pure Value,3/30/2007,1.737916234
600PG,S&P SmallCap 600 Pure Growth,4/30/2007,0.245108944,600PV,S&P SmallCap 600 Pure Value,4/30/2007,1.728644005
600PG,S&P SmallCap 600 Pure Growth,5/31/2007,0.239330109,600PV,S&P SmallCap 600 Pure Value,5/31/2007,1.71172129
600PG,S&P SmallCap 600 Pure Growth,6/29/2007,0.231829681,600PV,S&P SmallCap 600 Pure Value,6/29/2007,1.792431005
600PG,S&P SmallCap 600 Pure Growth,7/31/2007,0.242491046,600PV,S&P SmallCap 600 Pure Value,7/31/2007,1.97935804
600PG,S&P SmallCap 600 Pure Growth,8/31/2007,0.246886197,600PV,S&P SmallCap 600 Pure Value,8/31/2007,2.059556907
600PG,S&P SmallCap 600 Pure Growth,9/28/2007,0.230452663,600PV,S&P SmallCap 600 Pure Value,9/28/2007,2.153232175
600PG,S&P SmallCap 600 Pure Growth,10/31/2007,0.231231357,600PV,S&P SmallCap 600 Pure Value,10/31/2007,2.196849553
600PG,S&P SmallCap 600 Pure Growth,11/30/2007,0.247814323,600PV,S&P SmallCap 600 Pure Value,11/30/2007,2.441105661
600PG,S&P SmallCap 600 Pure Growth,12/31/2007,0.254440857,600PV,S&P SmallCap 600 Pure Value,12/31/2007,2.43066064
600PG,S&P SmallCap 600 Pure Growth,1/31/2008,0.281277426,600PV,S&P SmallCap 600 Pure Value,1/31/2008,2.324915113
600PG,S&P SmallCap 600 Pure Growth,2/29/2008,0.280014337,600PV,S&P SmallCap 600 Pure Value,2/29/2008,2.608053064
600PG,S&P SmallCap 600 Pure Growth,3/31/2008,0.331883803,600PV,S&P SmallCap 600 Pure Value,3/31/2008,2.597615405
600PG,S&P SmallCap 600 Pure Growth,4/30/2008,0.334040984,600PV,S&P SmallCap 600 Pure Value,4/30/2008,2.64830922
600PG,S&P SmallCap 600 Pure Growth,5/30/2008,0.335813337,600PV,S&P SmallCap 600 Pure Value,5/30/2008,2.640193879
600PG,S&P SmallCap 600 Pure Growth,6/30/2008,0.399417401,600PV,S&P SmallCap 600 Pure Value,6/30/2008,3.037749201
600PG,S&P SmallCap 600 Pure Growth,7/31/2008,0.40185139,600PV,S&P SmallCap 600 Pure Value,7/31/2008,2.869031016
600PG,S&P SmallCap 600 Pure Growth,8/29/2008,0.407809757,600PV,S&P SmallCap 600 Pure Value,8/29/2008,2.734164997
600PG,S&P SmallCap 600 Pure Growth,9/30/2008,0.44970949,600PV,S&P SmallCap 600 Pure Value,9/30/2008,2.790627565
600PG,S&P SmallCap 600 Pure Growth,10/31/2008,0.587787779,600PV,S&P SmallCap 600 Pure Value,10/31/2008,3.605078455
600PG,S&P SmallCap 600 Pure Growth,11/28/2008,0.683216851,600PV,S&P SmallCap 600 Pure Value,11/28/2008,4.35273514
600PG,S&P SmallCap 600 Pure Growth,12/31/2008,0.697708782,600PV,S&P SmallCap 600 Pure Value,12/31/2008,4.328850082
600PG,S&P SmallCap 600 Pure Growth,1/30/2009,0.780168678,600PV,S&P SmallCap 600 Pure Value,1/30/2009,5.354382845
600PG,S&P SmallCap 600 Pure Growth,2/27/2009,0.897015248,600PV,S&P SmallCap 600 Pure Value,2/27/2009,6.387934643
600PG,S&P SmallCap 600 Pure Growth,3/31/2009,0.762730814,600PV,S&P SmallCap 600 Pure Value,3/31/2009,5.099515348
600PG,S&P SmallCap 600 Pure Growth,4/30/2009,0.60383016,600PV,S&P SmallCap 600 Pure Value,4/30/2009,3.300783445
600PG,S&P SmallCap 600 Pure Growth,5/29/2009,0.577643395,600PV,S&P SmallCap 600 Pure Value,5/29/2009,2.816656861
600PG,S&P SmallCap 600 Pure Growth,6/30/2009,0.530975109,600PV,S&P SmallCap 600 Pure Value,6/30/2009,2.457738175
600PG,S&P SmallCap 600 Pure Growth,7/31/2009,0.470036143,600PV,S&P SmallCap 600 Pure Value,7/31/2009,1.966269265
600PG,S&P SmallCap 600 Pure Growth,8/31/2009,0.446498917,600PV,S&P SmallCap 600 Pure Value,8/31/2009,1.671018224
600PG,S&P SmallCap 600 Pure Growth,9/30/2009,0.38480862,600PV,S&P SmallCap 600 Pure Value,9/30/2009,1.435648368
600PG,S&P SmallCap 600 Pure Growth,10/30/2009,0.405215026,600PV,S&P SmallCap 600 Pure Value,10/30/2009,1.65131476
600PG,S&P SmallCap 600 Pure Growth,11/30/2009,0.419749786,600PV,S&P SmallCap 600 Pure Value,11/30/2009,1.546748488
600PG,S&P SmallCap 600 Pure Growth,12/31/2009,0.361449634,600PV,S&P SmallCap 600 Pure Value,12/31/2009,1.308252702
600PG,S&P SmallCap 600 Pure Growth,1/29/2010,0.386037001,600PV,S&P SmallCap 600 Pure Value,1/29/2010,1.198049052
600PG,S&P SmallCap 600 Pure Growth,2/26/2010,0.36350639,600PV,S&P SmallCap 600 Pure Value,2/26/2010,1.053581929
600PG,S&P SmallCap 600 Pure Growth,3/31/2010,0.408280733,600PV,S&P SmallCap 600 Pure Value,3/31/2010,0.916421477
600PG,S&P SmallCap 600 Pure Growth,4/30/2010,0.404280707,600PV,S&P SmallCap 600 Pure Value,4/30/2010,0.783725385
600PG,S&P SmallCap 600 Pure Growth,5/28/2010,0.417287079,600PV,S&P SmallCap 600 Pure Value,5/28/2010,0.917864591
600PG,S&P SmallCap 600 Pure Growth,6/30/2010,0.461914364,600PV,S&P SmallCap 600 Pure Value,6/30/2010,1.000178265
600PG,S&P SmallCap 600 Pure Growth,7/30/2010,0.444198154,600PV,S&P SmallCap 600 Pure Value,7/30/2010,0.892896685
600PG,S&P SmallCap 600 Pure Growth,8/31/2010,0.465415649,600PV,S&P SmallCap 600 Pure Value,8/31/2010,1.025142051
600PG,S&P SmallCap 600 Pure Growth,9/30/2010,0.437998898,600PV,S&P SmallCap 600 Pure Value,9/30/2010,0.885704109
600PG,S&P SmallCap 600 Pure Growth,10/29/2010,0.424183951,600PV,S&P SmallCap 600 Pure Value,10/29/2010,0.817684323
600PG,S&P SmallCap 600 Pure Growth,11/30/2010,0.397933605,600PV,S&P SmallCap 600 Pure Value,11/30/2010,0.769901439
600PG,S&P SmallCap 600 Pure Growth,12/31/2010,0.371379026,600PV,S&P SmallCap 600 Pure Value,12/31/2010,0.679520719
600PG,S&P SmallCap 600 Pure Growth,1/31/2011,0.363493269,600PV,S&P SmallCap 600 Pure Value,1/31/2011,0.701484479
600PG,S&P SmallCap 600 Pure Growth,2/28/2011,0.357697342,600PV,S&P SmallCap 600 Pure Value,2/28/2011,0.684309465
600PG,S&P SmallCap 600 Pure Growth,3/31/2011,0.317212023,600PV,S&P SmallCap 600 Pure Value,3/31/2011,0.679855588
600PG,S&P SmallCap 600 Pure Growth,4/29/2011,0.29227301,600PV,S&P SmallCap 600 Pure Value,4/29/2011,0.684435241
600PG,S&P SmallCap 600 Pure Growth,5/31/2011,0.299005467,600PV,S&P SmallCap 600 Pure Value,5/31/2011,0.706414583
600PG,S&P SmallCap 600 Pure Growth,6/30/2011,0.289540868,600PV,S&P SmallCap 600 Pure Value,6/30/2011,0.72459114
600PG,S&P SmallCap 600 Pure Growth,7/29/2011,0.297686323,600PV,S&P SmallCap 600 Pure Value,7/29/2011,0.752283494
600PG,S&P SmallCap 600 Pure Growth,8/31/2011,0.33189576,600PV,S&P SmallCap 600 Pure Value,8/31/2011,0.874098814
600PG,S&P SmallCap 600 Pure Growth,9/30/2011,0.354623127,600PV,S&P SmallCap 600 Pure Value,9/30/2011,0.985701056
600PG,S&P SmallCap 600 Pure Growth,10/31/2011,0.302792152,600PV,S&P SmallCap 600 Pure Value,10/31/2011,0.871482082
600PG,S&P SmallCap 600 Pure Growth,11/30/2011,0.316942179,600PV,S&P SmallCap 600 Pure Value,11/30/2011,0.917717005
600PG,S&P SmallCap 600 Pure Growth,12/30/2011,0.311876754,600PV,S&P SmallCap 600 Pure Value,12/30/2011,0.926781204
600PG,S&P SmallCap 600 Pure Growth,1/31/2012,0.30043196,600PV,S&P SmallCap 600 Pure Value,1/31/2012,0.829681162
600PG,S&P SmallCap 600 Pure Growth,2/29/2012,0.358919041,600PV,S&P SmallCap 600 Pure Value,2/29/2012,0.819032741
600PG,S&P SmallCap 600 Pure Growth,3/30/2012,0.356020743,600PV,S&P SmallCap 600 Pure Value,3/30/2012,0.847242811
600PG,S&P SmallCap 600 Pure Growth,4/30/2012,0.368706162,600PV,S&P SmallCap 600 Pure Value,4/30/2012,0.850597653
600PG,S&P SmallCap 600 Pure Growth,5/31/2012,0.422911918,600PV,S&P SmallCap 600 Pure Value,5/31/2012,0.947474588
600PG,S&P SmallCap 600 Pure Growth,6/29/2012,0.433782702,600PV,S&P SmallCap 600 Pure Value,6/29/2012,0.936174154
600PG,S&P SmallCap 600 Pure Growth,7/31/2012,0.453205395,600PV,S&P SmallCap 600 Pure Value,7/31/2012,0.936281551
600PG,S&P SmallCap 600 Pure Growth,8/31/2012,0.46770837,600PV,S&P SmallCap 600 Pure Value,8/31/2012,0.884292418
600PG,S&P SmallCap 600 Pure Growth,9/28/2012,0.490576201,600PV,S&P SmallCap 600 Pure Value,9/28/2012,0.873330652
600PG,S&P SmallCap 600 Pure Growth,10/31/2012,0.512120206,600PV,S&P SmallCap 600 Pure Value,10/31/2012,0.874007564
600PG,S&P SmallCap 600 Pure Growth,11/30/2012,0.531654723,600PV,S&P SmallCap 600 Pure Value,11/30/2012,0.819901268
600PG,S&P SmallCap 600 Pure Growth,12/31/2012,0.602736859,600PV,S&P SmallCap 600 Pure Value,12/31/2012,0.867516209
600PG,S&P SmallCap 600 Pure Growth,1/31/2013,0.563908331,600PV,S&P SmallCap 600 Pure Value,1/31/2013,0.81670624
600PG,S&P SmallCap 600 Pure Growth,2/28/2013,0.571337303,600PV,S&P SmallCap 600 Pure Value,2/28/2013,0.826104963
600PG,S&P SmallCap 600 Pure Growth,3/28/2013,0.519210747,600PV,S&P SmallCap 600 Pure Value,3/28/2013,0.798839416
600PG,S&P SmallCap 600 Pure Growth,4/30/2013,0.524616744,600PV,S&P SmallCap 600 Pure Value,4/30/2013,0.819227288
600PG,S&P SmallCap 600 Pure Growth,5/31/2013,0.549986227,600PV,S&P SmallCap 600 Pure Value,5/31/2013,0.769700748
600PG,S&P SmallCap 600 Pure Growth,6/28/2013,0.540278107,600PV,S&P SmallCap 600 Pure Value,6/28/2013,0.777876212
600PG,S&P SmallCap 600 Pure Growth,7/31/2013,0.514398588,600PV,S&P SmallCap 600 Pure Value,7/31/2013,0.75346414
600PG,S&P SmallCap 600 Pure Growth,8/30/2013,0.560470983,600PV,S&P SmallCap 600 Pure Value,8/30/2013,0.80288223
600PG,S&P SmallCap 600 Pure Growth,9/30/2013,0.508629223,600PV,S&P SmallCap 600 Pure Value,9/30/2013,0.742800478
600PG,S&P SmallCap 600 Pure Growth,10/31/2013,0.512302932,600PV,S&P SmallCap 600 Pure Value,10/31/2013,0.751511553
600PG,S&P SmallCap 600 Pure Growth,11/29/2013,0.518217493,600PV,S&P SmallCap 600 Pure Value,11/29/2013,0.708199327
600PG,S&P SmallCap 600 Pure Growth,12/31/2013,0.468333824,600PV,S&P SmallCap 600 Pure Value,12/31/2013,0.67725524
600PG,S&P SmallCap 600 Pure Growth,1/31/2014,0.503280256,600PV,S&P SmallCap 600 Pure Value,1/31/2014,0.730950865
600PG,S&P SmallCap 600 Pure Growth,2/28/2014,0.473266505,600PV,S&P SmallCap 600 Pure Value,2/28/2014,0.733052158
600PG,S&P SmallCap 600 Pure Growth,3/31/2014,0.523324155,600PV,S&P SmallCap 600 Pure Value,3/31/2014,0.758244727
600PG,S&P SmallCap 600 Pure Growth,4/30/2014,0.558361084,600PV,S&P SmallCap 600 Pure Value,4/30/2014,0.796401262
600PG,S&P SmallCap 600 Pure Growth,5/30/2014,0.532641783,600PV,S&P SmallCap 600 Pure Value,5/30/2014,0.827262788
600PG,S&P SmallCap 600 Pure Growth,6/30/2014,0.540471598,600PV,S&P SmallCap 600 Pure Value,6/30/2014,0.820074888
600PG,S&P SmallCap 600 Pure Growth,7/31/2014,0.575671872,600PV,S&P SmallCap 600 Pure Value,7/31/2014,0.870623818
600PG,S&P SmallCap 600 Pure Growth,8/29/2014,0.533345051,600PV,S&P SmallCap 600 Pure Value,8/29/2014,0.860634739
600PG,S&P SmallCap 600 Pure Growth,9/30/2014,0.601477797,600PV,S&P SmallCap 600 Pure Value,9/30/2014,0.970542794
600PG,S&P SmallCap 600 Pure Growth,10/31/2014,0.555504429,600PV,S&P SmallCap 600 Pure Value,10/31/2014,0.902818447
600PG,S&P SmallCap 600 Pure Growth,11/28/2014,0.567264079,600PV,S&P SmallCap 600 Pure Value,11/28/2014,0.935343311
600PG,S&P SmallCap 600 Pure Growth,12/31/2014,0.639339711,600PV,S&P SmallCap 600 Pure Value,12/31/2014,0.962620647
600PG,S&P SmallCap 600 Pure Growth,1/30/2015,0.667055508,600PV,S&P SmallCap 600 Pure Value,1/30/2015,1.051930396
600PG,S&P SmallCap 600 Pure Growth,2/27/2015,0.651905504,600PV,S&P SmallCap 600 Pure Value,2/27/2015,0.986084345
600PG,S&P SmallCap 600 Pure Growth,3/31/2015,0.672494541,600PV,S&P SmallCap 600 Pure Value,3/31/2015,0.978861401
600PG,S&P SmallCap 600 Pure Growth,4/30/2015,0.710660431,600PV,S&P SmallCap 600 Pure Value,4/30/2015,0.967478695
600PG,S&P SmallCap 600 Pure Growth,5/29/2015,0.711099083,600PV,S&P SmallCap 600 Pure Value,5/29/2015,0.980440741
600PG,S&P SmallCap 600 Pure Growth,6/30/2015,0.750874077,600PV,S&P SmallCap 600 Pure Value,6/30/2015,0.982382742
600PG,S&P SmallCap 600 Pure Growth,7/31/2015,0.765336716,600PV,S&P SmallCap 600 Pure Value,7/31/2015,1.050096265
600PG,S&P SmallCap 600 Pure Growth,8/31/2015,0.841111602,600PV,S&P SmallCap 600 Pure Value,8/31/2015,1.103950295
600PG,S&P SmallCap 600 Pure Growth,9/30/2015,0.952796926,600PV,S&P SmallCap 600 Pure Value,9/30/2015,1.176262775
600PG,S&P SmallCap 600 Pure Growth,10/30/2015,0.931090217,600PV,S&P SmallCap 600 Pure Value,10/30/2015,1.102731131
600PG,S&P SmallCap 600 Pure Growth,11/30/2015,0.960843665,600PV,S&P SmallCap 600 Pure Value,11/30/2015,1.093258015
600PG,S&P SmallCap 600 Pure Growth,12/31/2015,1.015250805,600PV,S&P SmallCap 600 Pure Value,12/31/2015,1.166836379
600PG,S&P SmallCap 600 Pure Growth,1/29/2016,1.105854336,600PV,S&P SmallCap 600 Pure Value,1/29/2016,1.295170109
600PG,S&P SmallCap 600 Pure Growth,2/29/2016,1.084771701,600PV,S&P SmallCap 600 Pure Value,2/29/2016,1.219487195
600PG,S&P SmallCap 600 Pure Growth,3/31/2016,0.994114175,600PV,S&P SmallCap 600 Pure Value,3/31/2016,1.114887011
600PG,S&P SmallCap 600 Pure Growth,4/29/2016,0.970879709,600PV,S&P SmallCap 600 Pure Value,4/29/2016,1.0663976
600PG,S&P SmallCap 600 Pure Growth,5/31/2016,0.94657391,600PV,S&P SmallCap 600 Pure Value,5/31/2016,1.115868974
600PG,S&P SmallCap 600 Pure Growth,6/30/2016,0.906661275,600PV,S&P SmallCap 600 Pure Value,6/30/2016,1.13614689
600PG,S&P SmallCap 600 Pure Growth,7/29/2016,0.834533837,600PV,S&P SmallCap 600 Pure Value,7/29/2016,1.065641813
600PG,S&P SmallCap 600 Pure Growth,8/31/2016,0.833531663,600PV,S&P SmallCap 600 Pure Value,8/31/2016,1.045537981
600PG,S&P SmallCap 600 Pure Growth,9/30/2016,0.769319312,600PV,S&P SmallCap 600 Pure Value,9/30/2016,1.037626226
600PG,S&P SmallCap 600 Pure Growth,10/31/2016,0.794029117,600PV,S&P SmallCap 600 Pure Value,10/31/2016,1.068213781
600PG,S&P SmallCap 600 Pure Growth,11/30/2016,0.732725545,600PV,S&P SmallCap 600 Pure Value,11/30/2016,0.915186947
600PG,S&P SmallCap 600 Pure Growth,12/30/2016,0.711154863,600PV,S&P SmallCap 600 Pure Value,12/30/2016,0.895416908
600PG,S&P SmallCap 600 Pure Growth,1/31/2017,0.685631997,600PV,S&P SmallCap 600 Pure Value,1/31/2017,0.928925895
600PG,S&P SmallCap 600 Pure Growth,2/28/2017,0.690317233,600PV,S&P SmallCap 600 Pure Value,2/28/2017,0.92482033
600PG,S&P SmallCap 600 Pure Growth,3/31/2017,0.717504274,600PV,S&P SmallCap 600 Pure Value,3/31/2017,1.033248058
600PG,S&P SmallCap 600 Pure Growth,4/28/2017,0.690638864,600PV,S&P SmallCap 600 Pure Value,4/28/2017,1.043483499
600PG,S&P SmallCap 600 Pure Growth,5/31/2017,0.718682078,600PV,S&P SmallCap 600 Pure Value,5/31/2017,1.142228354
600PG,S&P SmallCap 600 Pure Growth,6/30/2017,0.72627092,600PV,S&P SmallCap 600 Pure Value,6/30/2017,1.137556669
600PG,S&P SmallCap 600 Pure Growth,7/31/2017,0.706253673,600PV,S&P SmallCap 600 Pure Value,7/31/2017,1.170112214
600PG,S&P SmallCap 600 Pure Growth,8/31/2017,0.712619181,600PV,S&P SmallCap 600 Pure Value,8/31/2017,1.249098829
600PG,S&P SmallCap 600 Pure Growth,9/29/2017,0.726712296,600PV,S&P SmallCap 600 Pure Value,9/29/2017,1.125845644
600PG,S&P SmallCap 600 Pure Growth,10/31/2017,0.716750798,600PV,S&P SmallCap 600 Pure Value,10/31/2017,1.129778755
600PG,S&P SmallCap 600 Pure Growth,11/30/2017,0.603886068,600PV,S&P SmallCap 600 Pure Value,11/30/2017,0.96881627
600PG,S&P SmallCap 600 Pure Growth,12/29/2017,0.604501005,600PV,S&P SmallCap 600 Pure Value,12/29/2017,1.095878622
600PG,S&P SmallCap 600 Pure Growth,1/31/2018,0.57298232,600PV,S&P SmallCap 600 Pure Value,1/31/2018,1.112096603
600PG,S&P SmallCap 600 Pure Growth,2/28/2018,0.588386546,600PV,S&P SmallCap 600 Pure Value,2/28/2018,1.142965781
600PG,S&P SmallCap 600 Pure Growth,3/29/2018,0.57249721,600PV,S&P SmallCap 600 Pure Value,3/29/2018,1.224917363
600PG,S&P SmallCap 600 Pure Growth,4/30/2018,0.569052567,600PV,S&P SmallCap 600 Pure Value,4/30/2018,1.256670856
600PG,S&P SmallCap 600 Pure Growth,5/31/2018,0.496924494,600PV,S&P SmallCap 600 Pure Value,5/31/2018,1.136944995
600PG,S&P SmallCap 600 Pure Growth,6/29/2018,0.473448996,600PV,S&P SmallCap 600 Pure Value,6/29/2018,1.249355582
600PG,S&P SmallCap 600 Pure Growth,7/31/2018,0.453760946,600PV,S&P SmallCap 600 Pure Value,7/31/2018,1.284229753
600PG,S&P SmallCap 600 Pure Growth,8/31/2018,0.399450216,600PV,S&P SmallCap 600 Pure Value,8/31/2018,1.189092952
600PG,S&P SmallCap 600 Pure Growth,9/28/2018,0.383314208,600PV,S&P SmallCap 600 Pure Value,9/28/2018,1.380143026
600PG,S&P SmallCap 600 Pure Growth,10/31/2018,0.439409492,600PV,S&P SmallCap 600 Pure Value,10/31/2018,1.561422768
600PG,S&P SmallCap 600 Pure Growth,11/30/2018,0.483370729,600PV,S&P SmallCap 600 Pure Value,11/30/2018,1.70263559
600PG,S&P SmallCap 600 Pure Growth,12/31/2018,0.586,600PV,S&P SmallCap 600 Pure Value,12/31/2018,2.3145
600PG,S&P SmallCap 600 Pure Growth,1/31/2019,0.422245244,600PV,S&P SmallCap 600 Pure Value,1/31/2019,1.396302434
600PG,S&P SmallCap 600 Pure Growth,2/28/2019,0.446767855,600PV,S&P SmallCap 600 Pure Value,2/28/2019,1.392117733
600PG,S&P SmallCap 600 Pure Growth,3/29/2019,0.459450393,600PV,S&P SmallCap 600 Pure Value,3/29/2019,1.24632012
